,Variables,OR(95% CI),p value,p for interaction
Age ,,NA,,0.700
,18-45,0.264 (0.000-419.405),7.253818E-01,
,46-60,0.000 (0.000-0.000),2.495093E-14,
,>60,0.550 (0.070-4.334),5.738794E-01,
Gender ,,NA,,0.700
,male,1.014 (0.138-7.426),9.894337E-01,
,female,0.131 (0.012-1.464),1.089785E-01,
BMI ,,NA,,0.030
,<18.5,0.000 (0.000-0.000),3.633545E-02,
,18.5-25,3.896 (0.202-74.980),3.735493E-01,
,25-30,1.957 (0.150-25.537),6.117387E-01,
,>30,0.093 (0.007-1.295),8.576361E-02,
